#FEFFFF,#FEFFFF,#FEFFFF,#FEFFFF,#FEFFFF,#FEFFFF,#FEFFFF,#FEFFFF,#FEFFFF,#FEFFFF,#FEFFFF,#FEFFFF,#FEFFFF,#FEFFFF,#FEFFFF,#FEFFFF,#FEFFFF,#FEFFFF,#FEFFFF,#FEFFFF,#FEFFFF,#FEFFFF,#FEFFFF,#FEFFFF,#FEFFFF,#FEFFFF,#FEFFFF,#FEFFFF,#FEFFFF,#FEFFFF,#FEFFFF,#FEFFFF,#FEFFFF,#FEFFFF,#FEFFFF,#FEFFFF,#FEFFFF,#FEFFFF,#FEFFFF,#FEFFFF,#FEFFFF,#FEFFFF,#FEFFFF,#FEFFFF,#FEFFFF,#FEFFFF,#FEFFFF,#FEFFFF,#FEFFFF,#FEFFFF,#FEFFFF,#FEFFFF,#FEFFFF,#FEFFFF,#FEFFFF,#FEFFFF,#FEFFFF,#FEFFFF,#FEFFFF,#FEFFFF
#FEFFFF,#FEFFFF,#FEFFFF,#FEFFFF,#FEFFFF,#FEFFFF,#FEFFFF,#FEFFFF,#FEFFFF,#FEFFFF,#FEFFFF,#FEFFFF,#FEFFFF,#FEFFFF,#FEFFFF,#FEFFFF,#FEFFFF,#FEFFFF,#FEFFFF,#FEFFFF,#FEFFFF,#FEFFFF,#FEFFFF,#FEFFFF,#FEFFFF,#FEFFFF,#FEFFFF,#FEFFFF,#FEFFFF,#FEFFFF,#FEFFFF,#FEFFFF,#FEFFFF,#FEFFFF,#FEFFFF,#FEFFFF,#FEFFFF,#FEFFFF,#FEFFFF,#FEFFFF,#FEFFFF,#FEFFFF,#FEFFFF,#FEFFFF,#FEFFFF,#FEFFFF,#FEFFFF,#FEFFFF,#FEFFFF,#FEFFFF,#FEFFFF,#FEFFFF,#FEFFFF,#FEFFFF,#FEFFFF,#FEFFFF,#FEFFFF,#FEFFFF,#FEFFFF,#FEFFFF
#FEFFFF,#FEFFFF,#FEFFFF,#FEFFFF,#FEFFFF,#FEFFFF,#FEFFFF,#FEFFFF,#FEFFFF,#FEFFFF,#FEFFFF,#FEFFFF,#FEFFFF,#FEFFFF,#FEFFFF,#FEFFFF,#FEFFFF,#FEFFFF,#FEFFFF,#FEFFFF,#FEFFFF,#FEFFFF,#FEFFFF,#FEFFFF,#FEFFFF,#FEFFFF,#FEFFFF,#FEFFFF,#2F2B2F,#FEFFFF,#FEFFFF,#FEFFFF,#FEFFFF,#FEFFFF,#FEFFFF,#FEFFFF,#FEFFFF,#FEFFFF,#FEFFFF,#FEFFFF,#FEFFFF,#FEFFFF,#FEFFFF,#FEFFFF,#FEFFFF,#FEFFFF,#FEFFFF,#FEFFFF,#FEFFFF,#FEFFFF,#FEFFFF,#FEFFFF,#FEFFFF,#FEFFFF,#FEFFFF,#FEFFFF,#FEFFFF,#FEFFFF,#FEFFFF,#FEFFFF
#FEFFFF,#FEFFFF,#FEFFFF,#FEFFFF,#FEFFFF,#FEFFFF,#FEFFFF,#FEFFFF,#FEFFFF,#FEFFFF,#FEFFFF,#FEFFFF,#FEFFFF,#FEFFFF,#FEFFFF,#FEFFFF,#FEFFFF,#FEFFFF,#FEFFFF,#FEFFFF,#FEFFFF,#FEFFFF,#FEFFFF,#FEFFFF,#FEFFFF,#FEFFFF,#FEFFFF,#FEFFFF,#2F2B2F,#FEFFFF,#FEFFFF,#FEFFFF,#2F2B2F,#2F2B2F,#2F2B2F,#FEFFFF,#FEFFFF,#FEFFFF,#FEFFFF,#FEFFFF,#FEFFFF,#FEFFFF,#FEFFFF,#FEFFFF,#FEFFFF,#FEFFFF,#FEFFFF,#FEFFFF,#FEFFFF,#FEFFFF,#FEFFFF,#FEFFFF,#FEFFFF,#FEFFFF,#FEFFFF,#FEFFFF,#FEFFFF,#FEFFFF,#FEFFFF,#FEFFFF
#FEFFFF,#FEFFFF,#FEFFFF,#FEFFFF,#FEFFFF,#FEFFFF,#FEFFFF,#FEFFFF,#FEFFFF,#FEFFFF,#FEFFFF,#FEFFFF,#FEFFFF,#FEFFFF,#FEFFFF,#FEFFFF,#FEFFFF,#FEFFFF,#FEFFFF,#FEFFFF,#FEFFFF,#FEFFFF,#FEFFFF,#FEFFFF,#FEFFFF,#FEFFFF,#FEFFFF,#1D1414,#2F2B2F,#2F2B2F,#2F2B2F,#2F2B2F,#2F2B2F,#2F2B2F,#2F2B2F,#2F2B2F,#FEFFFF,#FEFFFF,#FEFFFF,#FEFFFF,#FEFFFF,#FEFFFF,#FEFFFF,#FEFFFF,#FEFFFF,#FEFFFF,#FEFFFF,#FEFFFF,#FEFFFF,#FEFFFF,#FEFFFF,#FEFFFF,#FEFFFF,#FEFFFF,#FEFFFF,#FEFFFF,#FEFFFF,#FEFFFF,#FEFFFF,#FEFFFF
#FEFFFF,#FEFFFF,#FEFFFF,#FEFFFF,#FEFFFF,#FEFFFF,#FEFFFF,#FEFFFF,#FEFFFF,#FEFFFF,#FEFFFF,#FEFFFF,#FEFFFF,#FEFFFF,#FEFFFF,#FEFFFF,#FEFFFF,#FEFFFF,#FEFFFF,#FEFFFF,#FEFFFF,#FEFFFF,#FEFFFF,#FEFFFF,#FEFFFF,#2F2B2F,#2F2B2F,#2F2B2F,#2F2B2F,#2F2B2F,#2F2B2F,#2F2B2F,#2F2B2F,#2F2B2F,#2F2B2F,#2F2B2F,#2F2B2F,#2F2B2F,#2F2B2F,#2F2B2F,#FEFFFF,#FEFFFF,#FEFFFF,#FEFFFF,#FEFFFF,#FEFFFF,#FEFFFF,#FEFFFF,#FEFFFF,#FEFFFF,#FEFFFF,#FEFFFF,#FEFFFF,#FEFFFF,#FEFFFF,#FEFFFF,#FEFFFF,#FEFFFF,#FEFFFF,#FEFFFF
#FEFFFF,#FEFFFF,#FEFFFF,#FEFFFF,#FEFFFF,#FEFFFF,#FEFFFF,#FEFFFF,#FEFFFF,#FEFFFF,#FEFFFF,#FEFFFF,#FEFFFF,#FEFFFF,#FEFFFF,#FEFFFF,#FEFFFF,#FEFFFF,#FEFFFF,#FEFFFF,#FEFFFF,#FEFFFF,#FEFFFF,#FEFFFF,#2F2B2F,#2F2B2F,#2F2B2F,#2F2B2F,#2F2B2F,#2F2B2F,#2F2B2F,#2F2B2F,#2F2B2F,#2F2B2F,#2F2B2F,#2F2B2F,#2F2B2F,#2F2B2F,#2F2B2F,#2F2B2F,#2F2B2F,#FEFFFF,#FEFFFF,#FEFFFF,#FEFFFF,#FEFFFF,#FEFFFF,#FEFFFF,#FEFFFF,#FEFFFF,#FEFFFF,#FEFFFF,#FEFFFF,#FEFFFF,#FEFFFF,#FEFFFF,#FEFFFF,#FEFFFF,#FEFFFF,#FEFFFF
#FEFFFF,#FEFFFF,#FEFFFF,#FEFFFF,#FEFFFF,#FEFFFF,#FEFFFF,#FEFFFF,#FEFFFF,#FEFFFF,#FEFFFF,#FEFFFF,#FEFFFF,#FEFFFF,#FEFFFF,#FEFFFF,#FEFFFF,#FEFFFF,#FEFFFF,#FEFFFF,#FEFFFF,#FEFFFF,#2F2B2F,#2F2B2F,#2F2B2F,#2F2B2F,#1D1414,#1D1414,#2F2B2F,#2F2B2F,#2F2B2F,#2F2B2F,#2F2B2F,#2F2B2F,#2F2B2F,#2F2B2F,#2F2B2F,#2F2B2F,#2F2B2F,#2F2B2F,#FEFFFF,#FEFFFF,#FEFFFF,#FEFFFF,#FEFFFF,#FEFFFF,#FEFFFF,#FEFFFF,#FEFFFF,#FEFFFF,#FEFFFF,#FEFFFF,#FEFFFF,#FEFFFF,#FEFFFF,#FEFFFF,#FEFFFF,#FEFFFF,#FEFFFF,#FEFFFF
#FEFFFF,#FEFFFF,#FEFFFF,#FEFFFF,#FEFFFF,#FEFFFF,#FEFFFF,#FEFFFF,#FEFFFF,#FEFFFF,#FEFFFF,#FEFFFF,#FEFFFF,#FEFFFF,#FEFFFF,#FEFFFF,#FEFFFF,#FEFFFF,#FEFFFF,#FEFFFF,#FEFFFF,#2F2B2F,#2F2B2F,#2F2B2F,#1D1414,#2F2B2F,#2F2B2F,#2F2B2F,#2F2B2F,#2F2B2F,#2F2B2F,#2F2B2F,#1D1414,#2F2B2F,#2F2B2F,#2F2B2F,#2F2B2F,#2F2B2F,#2F2B2F,#2F2B2F,#2F2B2F,#FEFFFF,#FEFFFF,#FEFFFF,#FEFFFF,#FEFFFF,#FEFFFF,#FEFFFF,#FEFFFF,#FEFFFF,#FEFFFF,#FEFFFF,#FEFFFF,#FEFFFF,#FEFFFF,#FEFFFF,#FEFFFF,#FEFFFF,#FEFFFF,#FEFFFF
#FEFFFF,#FEFFFF,#FEFFFF,#FEFFFF,#FEFFFF,#FEFFFF,#FEFFFF,#FEFFFF,#FEFFFF,#FEFFFF,#FEFFFF,#FEFFFF,#FEFFFF,#FEFFFF,#FEFFFF,#FEFFFF,#FEFFFF,#FEFFFF,#FEFFFF,#FEFFFF,#FEFFFF,#2F2B2F,#2F2B2F,#2F2B2F,#2F2B2F,#2F2B2F,#2F2B2F,#2F2B2F,#2F2B2F,#2F2B2F,#2F2B2F,#2F2B2F,#2F2B2F,#2F2B2F,#2F2B2F,#2F2B2F,#2F2B2F,#2F2B2F,#2F2B2F,#2F2B2F,#2F2B2F,#2F2B2F,#FEFFFF,#FEFFFF,#FEFFFF,#FEFFFF,#FEFFFF,#FEFFFF,#FEFFFF,#FEFFFF,#FEFFFF,#FEFFFF,#FEFFFF,#FEFFFF,#FEFFFF,#FEFFFF,#FEFFFF,#FEFFFF,#FEFFFF,#FEFFFF
#FEFFFF,#FEFFFF,#FEFFFF,#FEFFFF,#FEFFFF,#FEFFFF,#FEFFFF,#FEFFFF,#FEFFFF,#FEFFFF,#FEFFFF,#FEFFFF,#FEFFFF,#FEFFFF,#FEFFFF,#FEFFFF,#FEFFFF,#FEFFFF,#FEFFFF,#FEFFFF,#2F2B2F,#2F2B2F,#2F2B2F,#2F2B2F,#2F2B2F,#2F2B2F,#2F2B2F,#2F2B2F,#2F2B2F,#2F2B2F,#2F2B2F,#2F2B2F,#2F2B2F,#2F2B2F,#2F2B2F,#2F2B2F,#2F2B2F,#2F2B2F,#2F2B2F,#2F2B2F,#2F2B2F,#2F2B2F,#2F2B2F,#FEFFFF,#FEFFFF,#FEFFFF,#FEFFFF,#FEFFFF,#FEFFFF,#FEFFFF,#FEFFFF,#FEFFFF,#FEFFFF,#FEFFFF,#FEFFFF,#FEFFFF,#FEFFFF,#FEFFFF,#FEFFFF,#FEFFFF
#FEFFFF,#FEFFFF,#FEFFFF,#FEFFFF,#FEFFFF,#FEFFFF,#FEFFFF,#FEFFFF,#FEFFFF,#FEFFFF,#FEFFFF,#FEFFFF,#FEFFFF,#FEFFFF,#FEFFFF,#FEFFFF,#FEFFFF,#FEFFFF,#FEFFFF,#2F2B2F,#2F2B2F,#2F2B2F,#2F2B2F,#2F2B2F,#2F2B2F,#1D1414,#2F2B2F,#2F2B2F,#2F2B2F,#2F2B2F,#2F2B2F,#2F2B2F,#2F2B2F,#2F2B2F,#2F2B2F,#2F2B2F,#2F2B2F,#2F2B2F,#2F2B2F,#2F2B2F,#2F2B2F,#2F2B2F,#2F2B2F,#2F2B2F,#FEFFFF,#FEFFFF,#FEFFFF,#FEFFFF,#FEFFFF,#FEFFFF,#FEFFFF,#FEFFFF,#FEFFFF,#FEFFFF,#FEFFFF,#FEFFFF,#FEFFFF,#FEFFFF,#FEFFFF,#FEFFFF
#FEFFFF,#FEFFFF,#FEFFFF,#FEFFFF,#FEFFFF,#FEFFFF,#FEFFFF,#FEFFFF,#FEFFFF,#FEFFFF,#FEFFFF,#FEFFFF,#FEFFFF,#FEFFFF,#FEFFFF,#FEFFFF,#FEFFFF,#1D1414,#2F2B2F,#2F2B2F,#2F2B2F,#2F2B2F,#2F2B2F,#2F2B2F,#2F2B2F,#2F2B2F,#2F2B2F,#2F2B2F,#2F2B2F,#2F2B2F,#1D1414,#2F2B2F,#2F2B2F,#2F2B2F,#2F2B2F,#2F2B2F,#2F2B2F,#2F2B2F,#2F2B2F,#2F2B2F,#2F2B2F,#2F2B2F,#2F2B2F,#2F2B2F,#2F2B2F,#FEFFFF,#FEFFFF,#FEFFFF,#FEFFFF,#FEFFFF,#FEFFFF,#FEFFFF,#FEFFFF,#FEFFFF,#FEFFFF,#FEFFFF,#FEFFFF,#FEFFFF,#FEFFFF,#FEFFFF
#FEFFFF,#FEFFFF,#FEFFFF,#FEFFFF,#FEFFFF,#FEFFFF,#FEFFFF,#FEFFFF,#FEFFFF,#FEFFFF,#FEFFFF,#FEFFFF,#FEFFFF,#FEFFFF,#FEFFFF,#FEFFFF,#FEFFFF,#FEFFFF,#2F2B2F,#2F2B2F,#2F2B2F,#2F2B2F,#2F2B2F,#2F2B2F,#2F2B2F,#2F2B2F,#2F2B2F,#2F2B2F,#2F2B2F,#2F2B2F,#1D1414,#2F2B2F,#2F2B2F,#2F2B2F,#2F2B2F,#2F2B2F,#2F2B2F,#2F2B2F,#2F2B2F,#2F2B2F,#2F2B2F,#2F2B2F,#2F2B2F,#1D1414,#FEFFFF,#FEFFFF,#FEFFFF,#FEFFFF,#FEFFFF,#FEFFFF,#FEFFFF,#FEFFFF,#FEFFFF,#FEFFFF,#FEFFFF,#FEFFFF,#FEFFFF,#FEFFFF,#FEFFFF,#FEFFFF
#FEFFFF,#FEFFFF,#FEFFFF,#FEFFFF,#FEFFFF,#FEFFFF,#FEFFFF,#FEFFFF,#FEFFFF,#FEFFFF,#FEFFFF,#FEFFFF,#FEFFFF,#FEFFFF,#FEFFFF,#FEFFFF,#FEFFFF,#FEFFFF,#2F2B2F,#2F2B2F,#2F2B2F,#2F2B2F,#2F2B2F,#2F2B2F,#2F2B2F,#2F2B2F,#2F2B2F,#2F2B2F,#2F2B2F,#2F2B2F,#1D1414,#2F2B2F,#2F2B2F,#2F2B2F,#2F2B2F,#2F2B2F,#2F2B2F,#2F2B2F,#2F2B2F,#2F2B2F,#2F2B2F,#2F2B2F,#2F2B2F,#2F2B2F,#FEFFFF,#FEFFFF,#FEFFFF,#FEFFFF,#FEFFFF,#FEFFFF,#FEFFFF,#FEFFFF,#FEFFFF,#FEFFFF,#FEFFFF,#FEFFFF,#FEFFFF,#FEFFFF,#FEFFFF,#FEFFFF
#FEFFFF,#FEFFFF,#FEFFFF,#FEFFFF,#FEFFFF,#FEFFFF,#FEFFFF,#FEFFFF,#FEFFFF,#FEFFFF,#FEFFFF,#FEFFFF,#FEFFFF,#FEFFFF,#FEFFFF,#FEFFFF,#FEFFFF,#2F2B2F,#2F2B2F,#2F2B2F,#2F2B2F,#2F2B2F,#2F2B2F,#2F2B2F,#2F2B2F,#FFE4CC,#FFE4CC,#FFE4CC,#FFE4CC,#FFE4CC,#2F2B2F,#2F2B2F,#2F2B2F,#2F2B2F,#2F2B2F,#2F2B2F,#2F2B2F,#2F2B2F,#2F2B2F,#2F2B2F,#2F2B2F,#2F2B2F,#2F2B2F,#2F2B2F,#2F2B2F,#FEFFFF,#FEFFFF,#FEFFFF,#FEFFFF,#FEFFFF,#FEFFFF,#FEFFFF,#FEFFFF,#FEFFFF,#FEFFFF,#FEFFFF,#FEFFFF,#FEFFFF,#FEFFFF,#FEFFFF
#FEFFFF,#FEFFFF,#FEFFFF,#FEFFFF,#FEFFFF,#FEFFFF,#FEFFFF,#FEFFFF,#FEFFFF,#FEFFFF,#FEFFFF,#FEFFFF,#FEFFFF,#FEFFFF,#FEFFFF,#FEFFFF,#FEFFFF,#FEFFFF,#2F2B2F,#2F2B2F,#2F2B2F,#2F2B2F,#2F2B2F,#2F2B2F,#2F2B2F,#FFE4CC,#FFE4CC,#FFE4CC,#FFE4CC,#FFE4CC,#FFE4CC,#FFE4CC,#FFE4CC,#FFE4CC,#FFE4CC,#2F2B2F,#2F2B2F,#2F2B2F,#2F2B2F,#2F2B2F,#2F2B2F,#2F2B2F,#2F2B2F,#1D1414,#1D1414,#1D1414,#FEFFFF,#FEFFFF,#FEFFFF,#FEFFFF,#FEFFFF,#FEFFFF,#FEFFFF,#FEFFFF,#FEFFFF,#FEFFFF,#FEFFFF,#FEFFFF,#FEFFFF,#FEFFFF
#FEFFFF,#FEFFFF,#FEFFFF,#FEFFFF,#FEFFFF,#FEFFFF,#FEFFFF,#FEFFFF,#FEFFFF,#FEFFFF,#FEFFFF,#FEFFFF,#FEFFFF,#FEFFFF,#FEFFFF,#FEFFFF,#FEFFFF,#FEFFFF,#2F2B2F,#2F2B2F,#2F2B2F,#2F2B2F,#2F2B2F,#2F2B2F,#2F2B2F,#FFE4CC,#FFE4CC,#FFE4CC,#FFE4CC,#FFE4CC,#FFE4CC,#FFE4CC,#FFE4CC,#FFE4CC,#FFE4CC,#FFE4CC,#2F2B2F,#2F2B2F,#2F2B2F,#2F2B2F,#2F2B2F,#2F2B2F,#2F2B2F,#2F2B2F,#FEFFFF,#FEFFFF,#FEFFFF,#FEFFFF,#FEFFFF,#FEFFFF,#FEFFFF,#FEFFFF,#FEFFFF,#FEFFFF,#FEFFFF,#FEFFFF,#FEFFFF,#FEFFFF,#FEFFFF,#FEFFFF
#FEFFFF,#FEFFFF,#FEFFFF,#FEFFFF,#FEFFFF,#FEFFFF,#FEFFFF,#FEFFFF,#FEFFFF,#FEFFFF,#FEFFFF,#FEFFFF,#FEFFFF,#FEFFFF,#FEFFFF,#FEFFFF,#FEFFFF,#FEFFFF,#2F2B2F,#1D1414,#1D1414,#2F2B2F,#2F2B2F,#2F2B2F,#2F2B2F,#FFE4CC,#FFE4CC,#FFE4CC,#FFE4CC,#FFE4CC,#FFE4CC,#FFE4CC,#FFE4CC,#FFE4CC,#FFE4CC,#FFE4CC,#1D1414,#2F2B2F,#1D1414,#2F2B2F,#2F2B2F,#2F2B2F,#2F2B2F,#2F2B2F,#FEFFFF,#FEFFFF,#FEFFFF,#FEFFFF,#FEFFFF,#FEFFFF,#FEFFFF,#FEFFFF,#FEFFFF,#FEFFFF,#FEFFFF,#FEFFFF,#FEFFFF,#FEFFFF,#FEFFFF,#FEFFFF
#FEFFFF,#FEFFFF,#FEFFFF,#FEFFFF,#FEFFFF,#FEFFFF,#FEFFFF,#FEFFFF,#FEFFFF,#FEFFFF,#FEFFFF,#FEFFFF,#FEFFFF,#FEFFFF,#FEFFFF,#FEFFFF,#FEFFFF,#FEFFFF,#2F2B2F,#1D1414,#FEFFFF,#2F2B2F,#FFE4CC,#2F2B2F,#2F2B2F,#2F2B2F,#FFE4CC,#FFE4CC,#FFE4CC,#FFE4CC,#FFE4CC,#FFE4CC,#FFE4CC,#FFE4CC,#FFE4CC,#FFE4CC,#1D1414,#1D1414,#1D1414,#2F2B2F,#2F2B2F,#1D1414,#FEFFFF,#1D1414,#FEFFFF,#FEFFFF,#FEFFFF,#FEFFFF,#FEFFFF,#FEFFFF,#FEFFFF,#FEFFFF,#FEFFFF,#FEFFFF,#FEFFFF,#FEFFFF,#FEFFFF,#FEFFFF,#FEFFFF,#FEFFFF
#FEFFFF,#FEFFFF,#FEFFFF,#FEFFFF,#FEFFFF,#FEFFFF,#FEFFFF,#FEFFFF,#FEFFFF,#FEFFFF,#FEFFFF,#FEFFFF,#FEFFFF,#FEFFFF,#FEFFFF,#FEFFFF,#FEFFFF,#FEFFFF,#FEFFFF,#FEFFFF,#FEFFFF,#FFE4CC,#FFE4CC,#FFE4CC,#2F2B2F,#2F2B2F,#FFE4CC,#FFE4CC,#FFE4CC,#FFE4CC,#FFE4CC,#FFE4CC,#FFE4CC,#FFE4CC,#FFE4CC,#FFE4CC,#FFE4CC,#1D1414,#2F2B2F,#2F2B2F,#2F2B2F,#2F2B2F,#FEFFFF,#FEFFFF,#FEFFFF,#FEFFFF,#FEFFFF,#FEFFFF,#FEFFFF,#FEFFFF,#FEFFFF,#FEFFFF,#FEFFFF,#FEFFFF,#FEFFFF,#FEFFFF,#FEFFFF,#FEFFFF,#FEFFFF,#FEFFFF
#FEFFFF,#FEFFFF,#FEFFFF,#FEFFFF,#FEFFFF,#FEFFFF,#FEFFFF,#FEFFFF,#FEFFFF,#FEFFFF,#FEFFFF,#FEFFFF,#FEFFFF,#FEFFFF,#FEFFFF,#FEFFFF,#FEFFFF,#FEFFFF,#FEFFFF,#FEFFFF,#2F2B2F,#FFE4CC,#FFE4CC,#FFE4CC,#FFE4CC,#FFE4CC,#FFE4CC,#FFE4CC,#FFE4CC,#FFE4CC,#FFE4CC,#FFE4CC,#FFE4CC,#FFE4CC,#FFE4CC,#FFE4CC,#FFE4CC,#FFE4CC,#2F2B2F,#2F2B2F,#FFE4CC,#2F2B2F,#2F2B2F,#1D1414,#FEFFFF,#FEFFFF,#FEFFFF,#FEFFFF,#FEFFFF,#FEFFFF,#FEFFFF,#FEFFFF,#FEFFFF,#FEFFFF,#FEFFFF,#FEFFFF,#FEFFFF,#FEFFFF,#FEFFFF,#FEFFFF
#FEFFFF,#FEFFFF,#FEFFFF,#FEFFFF,#FEFFFF,#FEFFFF,#FEFFFF,#FEFFFF,#FEFFFF,#FEFFFF,#FEFFFF,#FEFFFF,#FEFFFF,#FEFFFF,#FEFFFF,#FEFFFF,#FEFFFF,#FEFFFF,#FEFFFF,#FEFFFF,#FEFFFF,#FFE4CC,#FFE4CC,#FFE4CC,#2F2B2F,#FFE4CC,#FFE4CC,#FFE4CC,#FFE4CC,#FFE4CC,#FFE4CC,#2F2B2F,#2F2B2F,#FFE4CC,#FFE4CC,#FFE4CC,#FFE4CC,#FFE4CC,#2F2B2F,#FFE4CC,#FFE4CC,#FFC4AA,#FEFFFF,#FEFFFF,#FEFFFF,#FEFFFF,#FEFFFF,#FEFFFF,#FEFFFF,#FEFFFF,#FEFFFF,#FEFFFF,#FEFFFF,#FEFFFF,#FEFFFF,#FEFFFF,#FEFFFF,#FEFFFF,#FEFFFF,#FEFFFF
#FEFFFF,#FEFFFF,#FEFFFF,#FEFFFF,#FEFFFF,#FEFFFF,#FEFFFF,#FEFFFF,#FEFFFF,#FEFFFF,#FEFFFF,#FEFFFF,#FEFFFF,#FEFFFF,#FEFFFF,#FEFFFF,#FEFFFF,#FEFFFF,#FEFFFF,#FEFFFF,#FEFFFF,#FFC4AA,#FFC4AA,#FFC4AA,#2F2B2F,#2F2B2F,#FFE4CC,#FFE4CC,#FFE4CC,#FFE4CC,#FFE4CC,#2F2B2F,#2F2B2F,#FFE4CC,#FFE4CC,#FFE4CC,#FFE4CC,#FFE4CC,#2F2B2F,#FFC4AA,#FFE4CC,#FFC4AA,#FEFFFF,#FEFFFF,#FEFFFF,#FEFFFF,#FEFFFF,#FEFFFF,#FEFFFF,#FEFFFF,#FEFFFF,#FEFFFF,#FEFFFF,#FEFFFF,#FEFFFF,#FEFFFF,#FEFFFF,#FEFFFF,#FEFFFF,#FEFFFF
#FEFFFF,#FEFFFF,#FEFFFF,#FEFFFF,#FEFFFF,#FEFFFF,#FEFFFF,#FEFFFF,#FEFFFF,#FEFFFF,#FEFFFF,#FEFFFF,#FEFFFF,#FEFFFF,#FEFFFF,#FEFFFF,#FEFFFF,#FEFFFF,#FEFFFF,#FEFFFF,#FEFFFF,#FEFFFF,#FFC4AA,#FFC4AA,#8D614C,#8D614C,#FFE4CC,#FFE4CC,#FFE4CC,#FFE4CC,#FFE4CC,#8D614C,#8D614C,#FFC4AA,#FFC4AA,#FFE4CC,#FFE4CC,#FFE4CC,#FFE4CC,#FFE4CC,#FFE4CC,#FEFFFF,#FEFFFF,#FEFFFF,#FEFFFF,#FEFFFF,#FEFFFF,#FEFFFF,#FEFFFF,#FEFFFF,#FEFFFF,#FEFFFF,#FEFFFF,#FEFFFF,#FEFFFF,#FEFFFF,#FEFFFF,#FEFFFF,#FEFFFF,#FEFFFF
#FEFFFF,#FEFFFF,#FEFFFF,#FEFFFF,#FEFFFF,#FEFFFF,#FEFFFF,#FEFFFF,#FEFFFF,#FEFFFF,#FEFFFF,#FEFFFF,#FEFFFF,#FEFFFF,#FEFFFF,#FEFFFF,#FEFFFF,#FEFFFF,#FEFFFF,#FEFFFF,#FEFFFF,#FEFFFF,#FFC4AA,#FFC4AA,#FFE4CC,#FFE4CC,#FFE4CC,#FFE4CC,#FFE4CC,#FFE4CC,#FFE4CC,#8D614C,#8D614C,#FFC4AA,#FFE4CC,#FFE4CC,#FFE4CC,#FFE4CC,#FFE4CC,#FFE4CC,#FEFFFF,#FEFFFF,#FEFFFF,#FEFFFF,#FEFFFF,#FEFFFF,#FEFFFF,#FEFFFF,#FEFFFF,#FEFFFF,#FEFFFF,#FEFFFF,#FEFFFF,#FEFFFF,#FEFFFF,#FEFFFF,#FEFFFF,#FEFFFF,#FEFFFF,#FEFFFF
#FEFFFF,#FEFFFF,#FEFFFF,#FEFFFF,#FEFFFF,#FEFFFF,#FEFFFF,#FEFFFF,#FEFFFF,#FEFFFF,#FEFFFF,#FEFFFF,#FEFFFF,#FEFFFF,#FEFFFF,#FEFFFF,#FEFFFF,#FEFFFF,#FEFFFF,#FEFFFF,#FEFFFF,#FEFFFF,#FEFFFF,#FFC4AA,#FFE4CC,#FFE4CC,#FFE4CC,#FFE4CC,#FFE4CC,#FFE4CC,#FFE4CC,#FFE4CC,#FFC4AA,#FFE4CC,#FFE4CC,#FFE4CC,#FFE4CC,#FFE4CC,#2F2B2F,#FEFFFF,#FEFFFF,#FEFFFF,#FEFFFF,#FEFFFF,#FEFFFF,#FEFFFF,#FEFFFF,#FEFFFF,#FEFFFF,#FEFFFF,#FEFFFF,#FEFFFF,#FEFFFF,#FEFFFF,#FEFFFF,#FEFFFF,#FEFFFF,#FEFFFF,#FEFFFF,#FEFFFF
#FEFFFF,#FEFFFF,#FEFFFF,#FEFFFF,#FEFFFF,#FEFFFF,#FEFFFF,#FEFFFF,#FEFFFF,#FEFFFF,#FEFFFF,#FEFFFF,#FEFFFF,#FEFFFF,#FEFFFF,#FEFFFF,#FEFFFF,#FEFFFF,#FEFFFF,#FEFFFF,#FEFFFF,#FEFFFF,#FEFFFF,#FEFFFF,#FFE4CC,#FFE4CC,#FFE4CC,#FFE4CC,#FFE4CC,#FFE4CC,#FFE4CC,#FFC4AA,#FFC4AA,#FFE4CC,#FFE4CC,#FFC4AA,#FFE4CC,#FEFFFF,#FEFFFF,#FEFFFF,#FEFFFF,#FEFFFF,#FEFFFF,#FEFFFF,#FEFFFF,#FEFFFF,#FEFFFF,#FEFFFF,#FEFFFF,#FEFFFF,#FEFFFF,#FEFFFF,#FEFFFF,#FEFFFF,#FEFFFF,#FEFFFF,#FEFFFF,#FEFFFF,#FEFFFF,#FEFFFF
#FEFFFF,#FEFFFF,#FEFFFF,#FEFFFF,#FEFFFF,#FEFFFF,#FEFFFF,#FEFFFF,#FEFFFF,#FEFFFF,#FEFFFF,#FEFFFF,#FEFFFF,#FEFFFF,#FEFFFF,#FEFFFF,#FEFFFF,#FEFFFF,#FEFFFF,#FEFFFF,#FEFFFF,#FEFFFF,#FEFFFF,#FEFFFF,#FEFFFF,#FFE4CC,#FFE4CC,#FFE4CC,#FFE4CC,#FFE4CC,#FFE4CC,#FFE4CC,#FFE4CC,#FFE4CC,#FFE4CC,#FFE4CC,#2F2B2F,#1D1414,#2F2B2F,#2F2B2F,#FEFFFF,#FEFFFF,#FEFFFF,#FEFFFF,#FEFFFF,#FEFFFF,#FEFFFF,#FEFFFF,#FEFFFF,#FEFFFF,#FEFFFF,#FEFFFF,#FEFFFF,#FEFFFF,#FEFFFF,#FEFFFF,#FEFFFF,#FEFFFF,#FEFFFF,#FEFFFF
#FEFFFF,#FEFFFF,#FEFFFF,#FEFFFF,#FEFFFF,#FEFFFF,#FEFFFF,#FEFFFF,#FEFFFF,#FEFFFF,#FEFFFF,#FEFFFF,#FEFFFF,#FEFFFF,#FEFFFF,#FEFFFF,#FEFFFF,#FEFFFF,#FEFFFF,#FEFFFF,#FEFFFF,#FEFFFF,#FEFFFF,#FEFFFF,#FEFFFF,#FEFFFF,#2F2B2F,#FFE4CC,#FFE4CC,#FFE4CC,#FFE4CC,#FFE4CC,#FFE4CC,#2F2B2F,#2F2B2F,#2F2B2F,#2F2B2F,#2F2B2F,#2F2B2F,#FEFFFF,#FEFFFF,#FEFFFF,#FEFFFF,#FEFFFF,#FEFFFF,#FEFFFF,#FEFFFF,#FEFFFF,#FEFFFF,#FEFFFF,#FEFFFF,#FEFFFF,#FEFFFF,#FEFFFF,#FEFFFF,#FEFFFF,#FEFFFF,#FEFFFF,#FEFFFF,#FEFFFF
#FEFFFF,#FEFFFF,#FEFFFF,#FEFFFF,#FEFFFF,#FEFFFF,#FEFFFF,#FEFFFF,#FEFFFF,#FEFFFF,#FEFFFF,#FEFFFF,#FEFFFF,#FEFFFF,#FEFFFF,#FEFFFF,#FEFFFF,#FEFFFF,#FEFFFF,#FEFFFF,#FEFFFF,#FEFFFF,#FEFFFF,#FEFFFF,#2F2B2F,#2F2B2F,#2F2B2F,#2F2B2F,#2F2B2F,#2F2B2F,#2F2B2F,#2F2B2F,#2F2B2F,#2F2B2F,#2F2B2F,#2F2B2F,#943630,#8D614C,#2F2B2F,#FEFFFF,#FEFFFF,#FEFFFF,#FEFFFF,#FEFFFF,#FEFFFF,#FEFFFF,#FEFFFF,#FEFFFF,#FEFFFF,#FEFFFF,#FEFFFF,#FEFFFF,#FEFFFF,#FEFFFF,#FEFFFF,#FEFFFF,#FEFFFF,#FEFFFF,#FEFFFF,#FEFFFF
#FEFFFF,#FEFFFF,#FEFFFF,#FEFFFF,#FEFFFF,#FEFFFF,#FEFFFF,#FEFFFF,#FEFFFF,#FEFFFF,#FEFFFF,#FEFFFF,#FEFFFF,#FEFFFF,#FEFFFF,#FEFFFF,#FEFFFF,#FEFFFF,#FEFFFF,#FEFFFF,#FEFFFF,#FEFFFF,#FEFFFF,#FEFFFF,#2F2B2F,#2F2B2F,#2F2B2F,#2F2B2F,#2F2B2F,#2F2B2F,#2F2B2F,#2F2B2F,#2F2B2F,#2F2B2F,#2F2B2F,#2F2B2F,#943630,#2F2B2F,#2F2B2F,#2F2B2F,#FEFFFF,#FEFFFF,#FEFFFF,#FEFFFF,#FEFFFF,#FEFFFF,#FEFFFF,#FEFFFF,#FEFFFF,#FEFFFF,#FEFFFF,#FEFFFF,#FEFFFF,#FEFFFF,#FEFFFF,#FEFFFF,#FEFFFF,#FEFFFF,#FEFFFF,#FEFFFF
#FEFFFF,#FEFFFF,#FEFFFF,#FEFFFF,#FEFFFF,#FEFFFF,#FEFFFF,#FEFFFF,#FEFFFF,#FEFFFF,#FEFFFF,#FEFFFF,#FEFFFF,#FEFFFF,#FEFFFF,#FEFFFF,#FEFFFF,#FEFFFF,#FEFFFF,#FEFFFF,#FEFFFF,#FEFFFF,#943630,#943630,#2F2B2F,#2F2B2F,#2F2B2F,#2F2B2F,#2F2B2F,#2F2B2F,#2F2B2F,#2F2B2F,#2F2B2F,#2F2B2F,#1D1414,#2F2B2F,#8D614C,#753832,#2F2B2F,#2F2B2F,#2F2B2F,#FEFFFF,#FEFFFF,#FEFFFF,#FEFFFF,#FEFFFF,#FEFFFF,#FEFFFF,#FEFFFF,#FEFFFF,#FEFFFF,#FEFFFF,#FEFFFF,#FEFFFF,#FEFFFF,#FEFFFF,#FEFFFF,#FEFFFF,#FEFFFF,#FEFFFF
#FEFFFF,#FEFFFF,#FEFFFF,#FEFFFF,#FEFFFF,#FEFFFF,#FEFFFF,#FEFFFF,#FEFFFF,#FEFFFF,#FEFFFF,#FEFFFF,#FEFFFF,#FEFFFF,#FEFFFF,#FEFFFF,#FEFFFF,#FEFFFF,#FEFFFF,#FEFFFF,#FEFFFF,#FEFFFF,#943630,#943630,#2F2B2F,#2F2B2F,#2F2B2F,#2F2B2F,#2F2B2F,#2F2B2F,#2F2B2F,#2F2B2F,#2F2B2F,#2F2B2F,#FFFBE1,#2F2B2F,#943630,#943630,#2F2B2F,#2F2B2F,#2F2B2F,#2F2B2F,#FEFFFF,#FEFFFF,#FEFFFF,#FEFFFF,#FEFFFF,#FEFFFF,#FEFFFF,#FEFFFF,#FEFFFF,#FEFFFF,#FEFFFF,#FEFFFF,#FEFFFF,#FEFFFF,#FEFFFF,#FEFFFF,#FEFFFF,#FEFFFF
#FEFFFF,#FEFFFF,#FEFFFF,#FEFFFF,#FEFFFF,#FEFFFF,#FEFFFF,#FEFFFF,#FEFFFF,#FEFFFF,#FEFFFF,#FEFFFF,#FEFFFF,#FEFFFF,#FEFFFF,#FEFFFF,#FEFFFF,#FEFFFF,#FEFFFF,#FEFFFF,#5A2121,#5A2121,#943630,#943630,#943630,#2F2B2F,#2F2B2F,#2F2B2F,#2F2B2F,#2F2B2F,#2F2B2F,#2F2B2F,#2F2B2F,#2F2B2F,#FEFFFF,#FEFFFF,#2F2B2F,#943630,#1D1414,#2F2B2F,#2F2B2F,#5A2121,#FEFFFF,#FEFFFF,#FEFFFF,#FEFFFF,#FEFFFF,#FEFFFF,#FEFFFF,#FEFFFF,#FEFFFF,#FEFFFF,#FEFFFF,#FEFFFF,#FEFFFF,#FEFFFF,#FEFFFF,#FEFFFF,#FEFFFF,#FEFFFF
#FEFFFF,#FEFFFF,#FEFFFF,#FEFFFF,#FEFFFF,#FEFFFF,#FEFFFF,#FEFFFF,#FEFFFF,#FEFFFF,#FEFFFF,#FEFFFF,#FEFFFF,#FEFFFF,#FEFFFF,#FEFFFF,#FEFFFF,#FEFFFF,#FEFFFF,#5A2121,#5A2121,#5A2121,#943630,#2F2B2F,#943630,#2F2B2F,#2F2B2F,#2F2B2F,#2F2B2F,#2F2B2F,#2F2B2F,#2F2B2F,#2F2B2F,#FEFFFF,#FEFFFF,#943630,#2F2B2F,#943630,#943630,#2F2B2F,#1D1414,#5A2121,#5A2121,#FEFFFF,#FEFFFF,#FEFFFF,#FEFFFF,#FEFFFF,#FEFFFF,#FEFFFF,#FEFFFF,#FEFFFF,#FEFFFF,#FEFFFF,#FEFFFF,#FEFFFF,#FEFFFF,#FEFFFF,#FEFFFF,#FEFFFF
#FEFFFF,#FEFFFF,#FEFFFF,#FEFFFF,#FEFFFF,#FEFFFF,#FEFFFF,#FEFFFF,#FEFFFF,#FEFFFF,#FEFFFF,#FEFFFF,#FEFFFF,#FEFFFF,#FEFFFF,#FEFFFF,#FEFFFF,#FEFFFF,#1D1414,#1D1414,#5A2121,#5A2121,#943630,#943630,#943630,#2F2B2F,#2F2B2F,#2F2B2F,#2F2B2F,#2F2B2F,#2F2B2F,#2F2B2F,#FEFFFF,#FEFFFF,#943630,#2F2B2F,#2F2B2F,#753832,#943630,#753832,#5A2121,#5A2121,#5A2121,#2F2B2F,#FEFFFF,#FEFFFF,#FEFFFF,#FEFFFF,#FEFFFF,#FEFFFF,#FEFFFF,#FEFFFF,#FEFFFF,#FEFFFF,#FEFFFF,#FEFFFF,#FEFFFF,#FEFFFF,#FEFFFF,#FEFFFF
#FEFFFF,#FEFFFF,#FEFFFF,#FEFFFF,#FEFFFF,#FEFFFF,#FEFFFF,#FEFFFF,#FEFFFF,#FEFFFF,#FEFFFF,#FEFFFF,#FEFFFF,#FEFFFF,#FEFFFF,#FEFFFF,#FEFFFF,#FFE4CC,#1D1414,#2F2B2F,#5A2121,#5A2121,#8D614C,#943630,#943630,#2F2B2F,#2F2B2F,#2F2B2F,#2F2B2F,#2F2B2F,#2F2B2F,#943630,#943630,#2F2B2F,#2F2B2F,#2F2B2F,#2F2B2F,#FEFFFF,#943630,#1D1414,#5A2121,#5A2121,#2F2B2F,#2F2B2F,#1D1414,#FEFFFF,#FEFFFF,#FEFFFF,#FEFFFF,#FEFFFF,#FEFFFF,#FEFFFF,#FEFFFF,#FEFFFF,#FEFFFF,#FEFFFF,#FEFFFF,#FEFFFF,#FEFFFF,#FEFFFF
#FEFFFF,#FEFFFF,#FEFFFF,#FEFFFF,#FEFFFF,#FEFFFF,#FEFFFF,#FEFFFF,#FEFFFF,#FEFFFF,#FEFFFF,#FEFFFF,#FEFFFF,#FEFFFF,#FEFFFF,#FEFFFF,#FEFFFF,#FEFFFF,#1D1414,#2F2B2F,#5A2121,#5A2121,#FEFFFF,#FEFFFF,#FEFFFF,#2F2B2F,#2F2B2F,#2F2B2F,#2F2B2F,#2F2B2F,#2F2B2F,#2F2B2F,#2F2B2F,#2F2B2F,#2F2B2F,#943630,#943630,#FEFFFF,#FEFFFF,#FEFFFF,#5A2121,#5A2121,#2F2B2F,#2F2B2F,#FFE4CC,#FEFFFF,#FEFFFF,#FEFFFF,#FEFFFF,#FEFFFF,#FEFFFF,#FEFFFF,#FEFFFF,#FEFFFF,#FEFFFF,#FEFFFF,#FEFFFF,#FEFFFF,#FEFFFF,#FEFFFF
#FEFFFF,#FEFFFF,#FEFFFF,#FEFFFF,#FEFFFF,#FEFFFF,#FEFFFF,#FEFFFF,#FEFFFF,#FEFFFF,#FEFFFF,#FEFFFF,#FEFFFF,#FEFFFF,#FEFFFF,#FEFFFF,#FEFFFF,#FEFFFF,#FEFFFF,#FEFFFF,#FEFFFF,#FEFFFF,#FEFFFF,#FEFFFF,#FEFFFF,#FFE4CC,#FFE4CC,#FFE4CC,#2F2B2F,#2F2B2F,#2F2B2F,#2F2B2F,#2F2B2F,#943630,#2F2B2F,#943630,#943630,#FEFFFF,#FEFFFF,#FEFFFF,#FEFFFF,#2F2B2F,#1D1414,#FFE4CC,#FEFFFF,#FEFFFF,#FEFFFF,#FEFFFF,#FEFFFF,#FEFFFF,#FEFFFF,#FEFFFF,#FEFFFF,#FEFFFF,#FEFFFF,#FEFFFF,#FEFFFF,#FEFFFF,#FEFFFF,#FEFFFF
#FEFFFF,#FEFFFF,#FEFFFF,#FEFFFF,#FEFFFF,#FEFFFF,#FEFFFF,#FEFFFF,#FEFFFF,#FEFFFF,#FEFFFF,#FEFFFF,#FEFFFF,#FEFFFF,#FEFFFF,#FEFFFF,#FEFFFF,#FEFFFF,#FEFFFF,#FEFFFF,#FEFFFF,#FEFFFF,#FEFFFF,#FEFFFF,#FEFFFF,#943630,#FFE4CC,#2F2B2F,#2F2B2F,#2F2B2F,#943630,#943630,#943630,#943630,#943630,#943630,#943630,#FEFFFF,#FEFFFF,#FEFFFF,#FEFFFF,#FEFFFF,#1D1414,#FEFFFF,#FEFFFF,#FEFFFF,#FEFFFF,#FEFFFF,#FEFFFF,#FEFFFF,#FEFFFF,#FEFFFF,#FEFFFF,#FEFFFF,#FEFFFF,#FEFFFF,#FEFFFF,#FEFFFF,#FEFFFF,#FEFFFF
#FEFFFF,#FEFFFF,#FEFFFF,#FEFFFF,#FEFFFF,#FEFFFF,#FEFFFF,#FEFFFF,#FEFFFF,#FEFFFF,#FEFFFF,#FEFFFF,#FEFFFF,#FEFFFF,#FEFFFF,#FEFFFF,#FEFFFF,#FEFFFF,#FEFFFF,#FEFFFF,#FEFFFF,#FEFFFF,#FEFFFF,#FEFFFF,#FEFFFF,#2F2B2F,#48464E,#2F2B2F,#2F2B2F,#8D614C,#943630,#943630,#943630,#943630,#48464E,#48464E,#48464E,#FEFFFF,#FEFFFF,#FEFFFF,#FEFFFF,#FEFFFF,#FEFFFF,#FEFFFF,#FEFFFF,#FEFFFF,#FEFFFF,#FEFFFF,#FEFFFF,#FEFFFF,#FEFFFF,#FEFFFF,#FEFFFF,#FEFFFF,#FEFFFF,#FEFFFF,#FEFFFF,#FEFFFF,#FEFFFF,#FEFFFF
#FEFFFF,#FEFFFF,#FEFFFF,#FEFFFF,#FEFFFF,#FEFFFF,#FEFFFF,#FEFFFF,#FEFFFF,#FEFFFF,#FEFFFF,#FEFFFF,#FEFFFF,#FEFFFF,#FEFFFF,#FEFFFF,#FEFFFF,#FEFFFF,#FEFFFF,#FEFFFF,#FEFFFF,#FEFFFF,#FEFFFF,#FEFFFF,#FEFFFF,#2F2B2F,#2F2B2F,#48464E,#8D614C,#8D614C,#8D614C,#8D614C,#2F2B2F,#2F2B2F,#48464E,#2F2B2F,#48464E,#FEFFFF,#FEFFFF,#FEFFFF,#FEFFFF,#FEFFFF,#FEFFFF,#FEFFFF,#FEFFFF,#FEFFFF,#FEFFFF,#FEFFFF,#FEFFFF,#FEFFFF,#FEFFFF,#FEFFFF,#FEFFFF,#FEFFFF,#FEFFFF,#FEFFFF,#FEFFFF,#FEFFFF,#FEFFFF,#FEFFFF
#FEFFFF,#FEFFFF,#FEFFFF,#FEFFFF,#FEFFFF,#FEFFFF,#FEFFFF,#FEFFFF,#FEFFFF,#FEFFFF,#FEFFFF,#FEFFFF,#FEFFFF,#FEFFFF,#FEFFFF,#FEFFFF,#FEFFFF,#FEFFFF,#FEFFFF,#FEFFFF,#FEFFFF,#FEFFFF,#FEFFFF,#FEFFFF,#FEFFFF,#5A2121,#2F2B2F,#2F2B2F,#2F2B2F,#8D614C,#8D614C,#2F2B2F,#943630,#943630,#2F2B2F,#943630,#943630,#943630,#FEFFFF,#FEFFFF,#FEFFFF,#FEFFFF,#FEFFFF,#FEFFFF,#FEFFFF,#FEFFFF,#FEFFFF,#FEFFFF,#FEFFFF,#FEFFFF,#FEFFFF,#FEFFFF,#FEFFFF,#FEFFFF,#FEFFFF,#FEFFFF,#FEFFFF,#FEFFFF,#FEFFFF,#FEFFFF
#FEFFFF,#FEFFFF,#FEFFFF,#FEFFFF,#FEFFFF,#FEFFFF,#FEFFFF,#FEFFFF,#FEFFFF,#FEFFFF,#FEFFFF,#FEFFFF,#FEFFFF,#FEFFFF,#FEFFFF,#FEFFFF,#FEFFFF,#FEFFFF,#FEFFFF,#FEFFFF,#FEFFFF,#FEFFFF,#FEFFFF,#FEFFFF,#A58767,#5A2121,#2F2B2F,#943630,#943630,#943630,#943630,#48464E,#943630,#943630,#2F2B2F,#2F2B2F,#943630,#943630,#FEFFFF,#FEFFFF,#FEFFFF,#FEFFFF,#FEFFFF,#FEFFFF,#FEFFFF,#FEFFFF,#FEFFFF,#FEFFFF,#FEFFFF,#FEFFFF,#FEFFFF,#FEFFFF,#FEFFFF,#FEFFFF,#FEFFFF,#FEFFFF,#FEFFFF,#FEFFFF,#FEFFFF,#FEFFFF
#FEFFFF,#FEFFFF,#FEFFFF,#FEFFFF,#FEFFFF,#FEFFFF,#FEFFFF,#FEFFFF,#FEFFFF,#FEFFFF,#FEFFFF,#FEFFFF,#FEFFFF,#FEFFFF,#FEFFFF,#FEFFFF,#FEFFFF,#FEFFFF,#FEFFFF,#FEFFFF,#FEFFFF,#FEFFFF,#FEFFFF,#FEFFFF,#A58767,#5A2121,#2F2B2F,#2F2B2F,#943630,#943630,#943630,#8D614C,#943630,#943630,#2F2B2F,#2F2B2F,#943630,#943630,#FEFFFF,#FEFFFF,#FEFFFF,#FEFFFF,#FEFFFF,#FEFFFF,#FEFFFF,#FEFFFF,#FEFFFF,#FEFFFF,#FEFFFF,#FEFFFF,#FEFFFF,#FEFFFF,#FEFFFF,#FEFFFF,#FEFFFF,#FEFFFF,#FEFFFF,#FEFFFF,#FEFFFF,#FEFFFF
#FEFFFF,#FEFFFF,#FEFFFF,#FEFFFF,#FEFFFF,#FEFFFF,#FEFFFF,#FEFFFF,#FEFFFF,#FEFFFF,#FEFFFF,#FEFFFF,#FEFFFF,#FEFFFF,#FEFFFF,#FEFFFF,#FEFFFF,#FEFFFF,#FEFFFF,#FEFFFF,#FEFFFF,#FEFFFF,#FEFFFF,#FEFFFF,#A58767,#1D1414,#2F2B2F,#2F2B2F,#943630,#943630,#943630,#943630,#943630,#943630,#2F2B2F,#2F2B2F,#943630,#943630,#FEFFFF,#FEFFFF,#FEFFFF,#FEFFFF,#FEFFFF,#FEFFFF,#FEFFFF,#FEFFFF,#FEFFFF,#FEFFFF,#FEFFFF,#FEFFFF,#FEFFFF,#FEFFFF,#FEFFFF,#FEFFFF,#FEFFFF,#FEFFFF,#FEFFFF,#FEFFFF,#FEFFFF,#FEFFFF
#FEFFFF,#FEFFFF,#FEFFFF,#FEFFFF,#FEFFFF,#FEFFFF,#FEFFFF,#FEFFFF,#FEFFFF,#FEFFFF,#FEFFFF,#FEFFFF,#FEFFFF,#FEFFFF,#FEFFFF,#FEFFFF,#FEFFFF,#FEFFFF,#FEFFFF,#FEFFFF,#FEFFFF,#FEFFFF,#FEFFFF,#A58767,#A58767,#FEFFFF,#2F2B2F,#2F2B2F,#943630,#943630,#943630,#943630,#943630,#943630,#2F2B2F,#2F2B2F,#2F2B2F,#943630,#FEFFFF,#FEFFFF,#FEFFFF,#FEFFFF,#FEFFFF,#FEFFFF,#FEFFFF,#FEFFFF,#FEFFFF,#FEFFFF,#FEFFFF,#FEFFFF,#FEFFFF,#FEFFFF,#FEFFFF,#FEFFFF,#FEFFFF,#FEFFFF,#FEFFFF,#FEFFFF,#FEFFFF,#FEFFFF
#FEFFFF,#FEFFFF,#FEFFFF,#FEFFFF,#FEFFFF,#FEFFFF,#FEFFFF,#FEFFFF,#FEFFFF,#FEFFFF,#FEFFFF,#FEFFFF,#FEFFFF,#FEFFFF,#FEFFFF,#FEFFFF,#FEFFFF,#FEFFFF,#FEFFFF,#FEFFFF,#FEFFFF,#FEFFFF,#FEFFFF,#A58767,#A58767,#2F2B2F,#2F2B2F,#943630,#943630,#943630,#2F2B2F,#943630,#943630,#943630,#2F2B2F,#2F2B2F,#5A2121,#943630,#943630,#FEFFFF,#FEFFFF,#FEFFFF,#FEFFFF,#FEFFFF,#FEFFFF,#FEFFFF,#FEFFFF,#FEFFFF,#FEFFFF,#FEFFFF,#FEFFFF,#FEFFFF,#FEFFFF,#FEFFFF,#FEFFFF,#FEFFFF,#FEFFFF,#FEFFFF,#FEFFFF,#FEFFFF
#FEFFFF,#FEFFFF,#FEFFFF,#FEFFFF,#FEFFFF,#FEFFFF,#FEFFFF,#FEFFFF,#FEFFFF,#FEFFFF,#FEFFFF,#FEFFFF,#FEFFFF,#FEFFFF,#FEFFFF,#FEFFFF,#FEFFFF,#FEFFFF,#FEFFFF,#FEFFFF,#FEFFFF,#FEFFFF,#FEFFFF,#1D1414,#1D1414,#2F2B2F,#2F2B2F,#943630,#943630,#753832,#943630,#943630,#943630,#943630,#2F2B2F,#2F2B2F,#2F2B2F,#943630,#943630,#FEFFFF,#FEFFFF,#FEFFFF,#FEFFFF,#FEFFFF,#FEFFFF,#FEFFFF,#FEFFFF,#FEFFFF,#FEFFFF,#FEFFFF,#FEFFFF,#FEFFFF,#FEFFFF,#FEFFFF,#FEFFFF,#FEFFFF,#FEFFFF,#FEFFFF,#FEFFFF,#FEFFFF
#FEFFFF,#FEFFFF,#FEFFFF,#FEFFFF,#FEFFFF,#FEFFFF,#FEFFFF,#FEFFFF,#FEFFFF,#FEFFFF,#FEFFFF,#FEFFFF,#FEFFFF,#FEFFFF,#FEFFFF,#FEFFFF,#FEFFFF,#FEFFFF,#FEFFFF,#FEFFFF,#FEFFFF,#FEFFFF,#FEFFFF,#1D1414,#FEFFFF,#2F2B2F,#2F2B2F,#943630,#943630,#943630,#943630,#943630,#943630,#753832,#943630,#2F2B2F,#2F2B2F,#2F2B2F,#FEFFFF,#FEFFFF,#FEFFFF,#FEFFFF,#FEFFFF,#FEFFFF,#FEFFFF,#FEFFFF,#FEFFFF,#FEFFFF,#FEFFFF,#FEFFFF,#FEFFFF,#FEFFFF,#FEFFFF,#FEFFFF,#FEFFFF,#FEFFFF,#FEFFFF,#FEFFFF,#FEFFFF,#FEFFFF
#FEFFFF,#FEFFFF,#FEFFFF,#FEFFFF,#FEFFFF,#FEFFFF,#FEFFFF,#FEFFFF,#FEFFFF,#FEFFFF,#FEFFFF,#FEFFFF,#FEFFFF,#FEFFFF,#FEFFFF,#FEFFFF,#FEFFFF,#FEFFFF,#FEFFFF,#FEFFFF,#FEFFFF,#FEFFFF,#FEFFFF,#FEFFFF,#FEFFFF,#FEFFFF,#FFE4CC,#943630,#943630,#FEFFFF,#FEFFFF,#FEFFFF,#FEFFFF,#753832,#943630,#2F2B2F,#2F2B2F,#48464E,#FEFFFF,#FEFFFF,#FEFFFF,#FEFFFF,#FEFFFF,#FEFFFF,#FEFFFF,#FEFFFF,#FEFFFF,#FEFFFF,#FEFFFF,#FEFFFF,#FEFFFF,#FEFFFF,#FEFFFF,#FEFFFF,#FEFFFF,#FEFFFF,#FEFFFF,#FEFFFF,#FEFFFF,#FEFFFF
#FEFFFF,#FEFFFF,#FEFFFF,#FEFFFF,#FEFFFF,#FEFFFF,#FEFFFF,#FEFFFF,#FEFFFF,#FEFFFF,#FEFFFF,#FEFFFF,#FEFFFF,#FEFFFF,#FEFFFF,#FEFFFF,#FEFFFF,#FEFFFF,#FEFFFF,#FEFFFF,#FEFFFF,#FEFFFF,#FEFFFF,#FEFFFF,#FEFFFF,#2F2B2F,#FFE4CC,#FFE4CC,#2F2B2F,#FEFFFF,#FEFFFF,#FEFFFF,#FEFFFF,#FEFFFF,#48464E,#2F2B2F,#2F2B2F,#2F2B2F,#FEFFFF,#FEFFFF,#FEFFFF,#FEFFFF,#FEFFFF,#FEFFFF,#FEFFFF,#FEFFFF,#FEFFFF,#FEFFFF,#FEFFFF,#FEFFFF,#FEFFFF,#FEFFFF,#FEFFFF,#FEFFFF,#FEFFFF,#FEFFFF,#FEFFFF,#FEFFFF,#FEFFFF,#FEFFFF
#FEFFFF,#FEFFFF,#FEFFFF,#FEFFFF,#FEFFFF,#FEFFFF,#FEFFFF,#FEFFFF,#FEFFFF,#FEFFFF,#FEFFFF,#FEFFFF,#FEFFFF,#FEFFFF,#FEFFFF,#FEFFFF,#FEFFFF,#FEFFFF,#FEFFFF,#FEFFFF,#FEFFFF,#FEFFFF,#FEFFFF,#FEFFFF,#FEFFFF,#1D1414,#2F2B2F,#2F2B2F,#2F2B2F,#FEFFFF,#FEFFFF,#FEFFFF,#FEFFFF,#FEFFFF,#5A2121,#2F2B2F,#2F2B2F,#2F2B2F,#FEFFFF,#FEFFFF,#FEFFFF,#FEFFFF,#FEFFFF,#FEFFFF,#FEFFFF,#FEFFFF,#FEFFFF,#FEFFFF,#FEFFFF,#FEFFFF,#FEFFFF,#FEFFFF,#FEFFFF,#FEFFFF,#FEFFFF,#FEFFFF,#FEFFFF,#FEFFFF,#FEFFFF,#FEFFFF
#FEFFFF,#FEFFFF,#FEFFFF,#FEFFFF,#FEFFFF,#FEFFFF,#FEFFFF,#FEFFFF,#FEFFFF,#FEFFFF,#FEFFFF,#FEFFFF,#FEFFFF,#FEFFFF,#FEFFFF,#FEFFFF,#FEFFFF,#FEFFFF,#FEFFFF,#FEFFFF,#FEFFFF,#FEFFFF,#FEFFFF,#FEFFFF,#FEFFFF,#2F2B2F,#2F2B2F,#2F2B2F,#2F2B2F,#FEFFFF,#FEFFFF,#FEFFFF,#FEFFFF,#FEFFFF,#FEFFFF,#2F2B2F,#2F2B2F,#1D1414,#FEFFFF,#FEFFFF,#FEFFFF,#FEFFFF,#FEFFFF,#FEFFFF,#FEFFFF,#FEFFFF,#FEFFFF,#FEFFFF,#FEFFFF,#FEFFFF,#FEFFFF,#FEFFFF,#FEFFFF,#FEFFFF,#FEFFFF,#FEFFFF,#FEFFFF,#FEFFFF,#FEFFFF,#FEFFFF
#FEFFFF,#FEFFFF,#FEFFFF,#FEFFFF,#FEFFFF,#FEFFFF,#FEFFFF,#FEFFFF,#FEFFFF,#FEFFFF,#FEFFFF,#FEFFFF,#FEFFFF,#FEFFFF,#FEFFFF,#FEFFFF,#FEFFFF,#FEFFFF,#FEFFFF,#FEFFFF,#FEFFFF,#FEFFFF,#FEFFFF,#FEFFFF,#FEFFFF,#FEFFFF,#FEFFFF,#FEFFFF,#FEFFFF,#FEFFFF,#FEFFFF,#FEFFFF,#FEFFFF,#FEFFFF,#FEFFFF,#FEFFFF,#FEFFFF,#FEFFFF,#FEFFFF,#FEFFFF,#FEFFFF,#FEFFFF,#FEFFFF,#FEFFFF,#FEFFFF,#FEFFFF,#FEFFFF,#FEFFFF,#FEFFFF,#FEFFFF,#FEFFFF,#FEFFFF,#FEFFFF,#FEFFFF,#FEFFFF,#FEFFFF,#FEFFFF,#FEFFFF,#FEFFFF,#FEFFFF
#FEFFFF,#FEFFFF,#FEFFFF,#FEFFFF,#FEFFFF,#FEFFFF,#FEFFFF,#FEFFFF,#FEFFFF,#FEFFFF,#FEFFFF,#FEFFFF,#FEFFFF,#FEFFFF,#FEFFFF,#FEFFFF,#FEFFFF,#FEFFFF,#FEFFFF,#FEFFFF,#FEFFFF,#FEFFFF,#FEFFFF,#FEFFFF,#FEFFFF,#FEFFFF,#FEFFFF,#FEFFFF,#FEFFFF,#FEFFFF,#FEFFFF,#FEFFFF,#FEFFFF,#FEFFFF,#FEFFFF,#FEFFFF,#FEFFFF,#FEFFFF,#FEFFFF,#FEFFFF,#FEFFFF,#FEFFFF,#FEFFFF,#FEFFFF,#FEFFFF,#FEFFFF,#FEFFFF,#FEFFFF,#FEFFFF,#FEFFFF,#FEFFFF,#FEFFFF,#FEFFFF,#FEFFFF,#FEFFFF,#FEFFFF,#FEFFFF,#FEFFFF,#FEFFFF,#FEFFFF
#FEFFFF,#FEFFFF,#FEFFFF,#FEFFFF,#FEFFFF,#FEFFFF,#FEFFFF,#FEFFFF,#FEFFFF,#FEFFFF,#FEFFFF,#FEFFFF,#FEFFFF,#FEFFFF,#FEFFFF,#FEFFFF,#FEFFFF,#FEFFFF,#FEFFFF,#FEFFFF,#FEFFFF,#FEFFFF,#FEFFFF,#FEFFFF,#FEFFFF,#FEFFFF,#FEFFFF,#FEFFFF,#FEFFFF,#FEFFFF,#FEFFFF,#FEFFFF,#FEFFFF,#FEFFFF,#FEFFFF,#FEFFFF,#FEFFFF,#FEFFFF,#FEFFFF,#FEFFFF,#FEFFFF,#FEFFFF,#FEFFFF,#FEFFFF,#FEFFFF,#FEFFFF,#FEFFFF,#FEFFFF,#FEFFFF,#FEFFFF,#FEFFFF,#FEFFFF,#FEFFFF,#FEFFFF,#FEFFFF,#FEFFFF,#FEFFFF,#FEFFFF,#FEFFFF,#FEFFFF
#FEFFFF,#FEFFFF,#FEFFFF,#FEFFFF,#FEFFFF,#FEFFFF,#FEFFFF,#FEFFFF,#FEFFFF,#FEFFFF,#FEFFFF,#FEFFFF,#FEFFFF,#FEFFFF,#FEFFFF,#FEFFFF,#FEFFFF,#FEFFFF,#FEFFFF,#FEFFFF,#FEFFFF,#FEFFFF,#FEFFFF,#FEFFFF,#FEFFFF,#FEFFFF,#FEFFFF,#FEFFFF,#FEFFFF,#FEFFFF,#FEFFFF,#FEFFFF,#FEFFFF,#FEFFFF,#FEFFFF,#FEFFFF,#FEFFFF,#FEFFFF,#FEFFFF,#FEFFFF,#FEFFFF,#FEFFFF,#FEFFFF,#FEFFFF,#FEFFFF,#FEFFFF,#FEFFFF,#FEFFFF,#FEFFFF,#FEFFFF,#FEFFFF,#FEFFFF,#FEFFFF,#FEFFFF,#FEFFFF,#FEFFFF,#FEFFFF,#FEFFFF,#FEFFFF,#FEFFFF
#FEFFFF,#FEFFFF,#FEFFFF,#FEFFFF,#FEFFFF,#FEFFFF,#FEFFFF,#FEFFFF,#FEFFFF,#FEFFFF,#FEFFFF,#FEFFFF,#FEFFFF,#FEFFFF,#FEFFFF,#FEFFFF,#FEFFFF,#FEFFFF,#FEFFFF,#FEFFFF,#FEFFFF,#FEFFFF,#FEFFFF,#FEFFFF,#FEFFFF,#FEFFFF,#FEFFFF,#FEFFFF,#FEFFFF,#FEFFFF,#FEFFFF,#FEFFFF,#FEFFFF,#FEFFFF,#FEFFFF,#FEFFFF,#FEFFFF,#FEFFFF,#FEFFFF,#FEFFFF,#FEFFFF,#FEFFFF,#FEFFFF,#FEFFFF,#FEFFFF,#FEFFFF,#FEFFFF,#FEFFFF,#FEFFFF,#FEFFFF,#FEFFFF,#FEFFFF,#FEFFFF,#FEFFFF,#FEFFFF,#FEFFFF,#FEFFFF,#FEFFFF,#FEFFFF,#FEFFFF